{"cameraMode":{"drawMode":0,"name":"Shaded","section":"Shading Mode"},"sceneLighting":true,"audioPlay":false,"sceneViewState":{"showFog":true,"showMaterialUpdate":false,"showSkybox":true,"showFlares":true,"showImageEffects":true,"showParticleSystems":true,"showVisualEffectGraphs":true,"m_FxEnabled":true},"in2DMode":false,"pivot":{"x":6.946358680725098,"y":15.39933967590332,"z":-24.740955352783204},"rotation":{"x":-0.12294275313615799,"y":0.028873376548290254,"z":-0.003555075963959098,"w":-0.9919599890708923},"size":3.4237921237945558,"orthographic":false}